Operation,Input Category,Seat Number,Customer Name,Output/Action
Cancel Seat,—,D340,Asad,Seat D340 Cancelled
Undo Cancellation,—,E737,Hussain,Seat E737 Re-booked
Undo Cancellation,—,B834,Ayesha,Seat B834 Re-booked
Cancel Seat,—,C771,Rizwan,Seat C771 Cancelled
Undo Cancellation,—,E562,Ahmed,Seat E562 Re-booked
Cancel Seat,—,C205,Fatima,Seat C205 Cancelled
Cancel Seat,—,A960,Kiran,Seat A960 Cancelled
Cancel Seat,—,A618,Imran,Seat A618 Cancelled
Undo Booking,Premium,D247,Nadia,Seat D247 Released
Book Seat,Economy,E121,Junaid,Seat E121 Booked Successfully
Cancel Seat,—,D551,Junaid,Seat D551 Cancelled
Cancel Seat,—,D899,Omar,Seat D899 Cancelled
Undo Cancellation,—,A706,Bilal,Seat A706 Re-booked
Book Seat,Economy,E169,Junaid,Seat E169 Booked Successfully
Undo Cancellation,—,B642,Ali,Seat B642 Re-booked
Cancel Seat,—,B188,Ali,Seat B188 Cancelled
Undo Booking,VIP,C172,Zainab,Seat C172 Released
Undo Cancellation,—,A285,Iqra,Seat A285 Re-booked
Undo Cancellation,—,B236,Zainab,Seat B236 Re-booked
Book Seat,VIP,D746,Fahad,Seat D746 Booked Successfully
Undo Booking,VIP,E116,Shahzad,Seat E116 Released
Undo Cancellation,—,C872,Hussain,Seat C872 Re-booked
Undo Cancellation,—,D222,Junaid,Seat D222 Re-booked
Undo Cancellation,—,B852,Muneeb,Seat B852 Re-booked
Cancel Seat,—,B782,Asad,Seat B782 Cancelled
Book Seat,Economy,A645,Farhan,Seat A645 Booked Successfully
Undo Booking,Economy,C498,Ali,Seat C498 Released
Undo Booking,VIP,E860,Rizwan,Seat E860 Released
Cancel Seat,—,E821,Kamran,Seat E821 Cancelled
Cancel Seat,—,E623,Asad,Seat E623 Cancelled
Undo Cancellation,—,C835,Hassan,Seat C835 Re-booked
Undo Cancellation,—,D556,Kiran,Seat D556 Re-booked
Undo Booking,Economy,E807,Asad,Seat E807 Released
Undo Booking,Premium,D989,Rizwan,Seat D989 Released
Cancel Seat,—,E863,Sara,Seat E863 Cancelled
Undo Cancellation,—,A356,Nadia,Seat A356 Re-booked
Undo Cancellation,—,A201,Bilal,Seat A201 Re-booked
Undo Booking,Premium,E278,Kamran,Seat E278 Released
Undo Booking,Economy,D432,Mariam,Seat D432 Released
Book Seat,Economy,E301,Mariam,Seat E301 Booked Successfully
Undo Cancellation,—,D689,Zainab,Seat D689 Re-booked
Undo Cancellation,—,B892,Saad,Seat B892 Re-booked
Book Seat,Economy,C346,Fatima,Seat C346 Booked Successfully
Book Seat,Economy,C183,Ali,Seat C183 Booked Successfully
Undo Cancellation,—,B457,Sara,Seat B457 Re-booked
Undo Booking,Economy,B745,Rizwan,Seat B745 Released
Undo Cancellation,—,C167,Ali,Seat C167 Re-booked
Book Seat,VIP,E174,Mariam,Seat E174 Booked Successfully
Cancel Seat,—,B788,Ali,Seat B788 Cancelled
Undo Booking,VIP,B382,Rizwan,Seat B382 Released
Book Seat,Economy,C505,Muneeb,Seat C505 Booked Successfully
Undo Booking,Economy,B358,Iqra,Seat B358 Released
Undo Cancellation,—,C676,Ali,Seat C676 Re-booked
Book Seat,VIP,A192,Hassan,Seat A192 Booked Successfully
Undo Booking,VIP,D715,Zainab,Seat D715 Released
Undo Booking,Premium,A837,Rabia,Seat A837 Released
Cancel Seat,—,D975,Kamran,Seat D975 Cancelled
Undo Cancellation,—,D239,Farhan,Seat D239 Re-booked
Book Seat,VIP,A259,Ali,Seat A259 Booked Successfully
Cancel Seat,—,B312,Kiran,Seat B312 Cancelled
Cancel Seat,—,B568,Ahmed,Seat B568 Cancelled
Book Seat,Premium,E325,Omar,Seat E325 Booked Successfully
Undo Booking,VIP,C418,Sara,Seat C418 Released
Undo Booking,VIP,E137,Sara,Seat E137 Released
Cancel Seat,—,D335,Ali,Seat D335 Cancelled
Undo Cancellation,—,E933,Kiran,Seat E933 Re-booked
Book Seat,VIP,A124,Sara,Seat A124 Booked Successfully
Undo Cancellation,—,B752,Zainab,Seat B752 Re-booked
Undo Booking,Premium,A538,Hussain,Seat A538 Released
Cancel Seat,—,D300,Hassan,Seat D300 Cancelled
Cancel Seat,—,B346,Junaid,Seat B346 Cancelled
Undo Booking,VIP,A545,Hussain,Seat A545 Released
Undo Cancellation,—,C654,Kiran,Seat C654 Re-booked
Undo Booking,Economy,A355,Rizwan,Seat A355 Released
Undo Cancellation,—,D994,Farhan,Seat D994 Re-booked
Book Seat,VIP,A481,Rabia,Seat A481 Booked Successfully
Undo Cancellation,—,C800,Bilal,Seat C800 Re-booked
Cancel Seat,—,D193,Sara,Seat D193 Cancelled
Book Seat,Premium,D441,Rizwan,Seat D441 Booked Successfully
Book Seat,Premium,B612,Tariq,Seat B612 Booked Successfully
Undo Cancellation,—,A439,Imran,Seat A439 Re-booked
Cancel Seat,—,C244,Kamran,Seat C244 Cancelled
Cancel Seat,—,C402,Mariam,Seat C402 Cancelled
Undo Booking,VIP,A646,Ayesha,Seat A646 Released
Cancel Seat,—,E299,Imran,Seat E299 Cancelled
Undo Cancellation,—,C823,Asad,Seat C823 Re-booked
Undo Cancellation,—,B636,Farhan,Seat B636 Re-booked
Undo Booking,Premium,A664,Imran,Seat A664 Released
Undo Cancellation,—,A146,Farhan,Seat A146 Re-booked
Book Seat,VIP,E580,Hussain,Seat E580 Booked Successfully
Book Seat,VIP,B135,Omar,Seat B135 Booked Successfully
Undo Booking,Economy,C227,Muneeb,Seat C227 Released
Book Seat,VIP,D802,Hussain,Seat D802 Booked Successfully
Cancel Seat,—,A320,Fatima,Seat A320 Cancelled
Undo Cancellation,—,D313,Sana,Seat D313 Re-booked
Book Seat,VIP,C986,Ayesha,Seat C986 Booked Successfully
Cancel Seat,—,A483,Shahzad,Seat A483 Cancelled
Undo Cancellation,—,E648,Nadia,Seat E648 Re-booked
Cancel Seat,—,C913,Ayesha,Seat C913 Cancelled
Undo Cancellation,—,A954,Omar,Seat A954 Re-booked
Undo Cancellation,—,E794,Shahzad,Seat E794 Re-booked
Undo Cancellation,—,C495,Muneeb,Seat C495 Re-booked
Book Seat,Economy,C265,Rabia,Seat C265 Booked Successfully
Undo Cancellation,—,B891,Shahzad,Seat B891 Re-booked
Undo Booking,Premium,D539,Omar,Seat D539 Released
Cancel Seat,—,B618,Rabia,Seat B618 Cancelled
Undo Booking,Economy,D728,Junaid,Seat D728 Released
Book Seat,Economy,B373,Ayesha,Seat B373 Booked Successfully
Book Seat,VIP,D908,Farhan,Seat D908 Booked Successfully
Book Seat,VIP,D279,Saad,Seat D279 Booked Successfully
Book Seat,Premium,A713,Mariam,Seat A713 Booked Successfully
Book Seat,VIP,C162,Iqra,Seat C162 Booked Successfully
Undo Booking,Economy,A613,Nadia,Seat A613 Released
Book Seat,Economy,A176,Shahzad,Seat A176 Booked Successfully
Book Seat,VIP,B640,Hina,Seat B640 Booked Successfully
Undo Cancellation,—,C441,Fatima,Seat C441 Re-booked
Undo Cancellation,—,B502,Usman,Seat B502 Re-booked
Undo Cancellation,—,C197,Zainab,Seat C197 Re-booked
Undo Cancellation,—,D492,Rabia,Seat D492 Re-booked
Cancel Seat,—,C121,Mariam,Seat C121 Cancelled
Undo Cancellation,—,B582,Saad,Seat B582 Re-booked
Book Seat,VIP,A730,Sana,Seat A730 Booked Successfully
Cancel Seat,—,B388,Saad,Seat B388 Cancelled
Book Seat,Premium,E888,Saad,Seat E888 Booked Successfully
Undo Booking,Economy,C185,Sana,Seat C185 Released
Book Seat,Economy,D145,Rabia,Seat D145 Booked Successfully
Cancel Seat,—,B503,Tariq,Seat B503 Cancelled
Undo Cancellation,—,C601,Hassan,Seat C601 Re-booked
Undo Booking,VIP,D435,Zainab,Seat D435 Released
Book Seat,Economy,C694,Kamran,Seat C694 Booked Successfully
Book Seat,Economy,B406,Muneeb,Seat B406 Booked Successfully
Cancel Seat,—,C723,Ayesha,Seat C723 Cancelled
Undo Cancellation,—,B445,Omar,Seat B445 Re-booked
Book Seat,Economy,C948,Ayesha,Seat C948 Booked Successfully
Undo Booking,Premium,A408,Farhan,Seat A408 Released
Undo Cancellation,—,B639,Junaid,Seat B639 Re-booked
Cancel Seat,—,C673,Mariam,Seat C673 Cancelled
Undo Booking,Premium,B401,Ali,Seat B401 Released
Cancel Seat,—,A637,Asad,Seat A637 Cancelled
Cancel Seat,—,C581,Ayesha,Seat C581 Cancelled
Cancel Seat,—,C837,Kiran,Seat C837 Cancelled
Undo Booking,Premium,B197,Iqra,Seat B197 Released
Cancel Seat,—,E236,Rizwan,Seat E236 Cancelled
Undo Cancellation,—,B736,Omar,Seat B736 Re-booked
Undo Booking,VIP,A870,Farhan,Seat A870 Released
Cancel Seat,—,C989,Fatima,Seat C989 Cancelled
Cancel Seat,—,A536,Kiran,Seat A536 Cancelled
Book Seat,VIP,E737,Usman,Seat E737 Booked Successfully
Undo Cancellation,—,E810,Zainab,Seat E810 Re-booked
Cancel Seat,—,D870,Kiran,Seat D870 Cancelled
Undo Cancellation,—,B381,Kamran,Seat B381 Re-booked
Undo Booking,Economy,D597,Hassan,Seat D597 Released
Undo Cancellation,—,B445,Ayesha,Seat B445 Re-booked
Undo Booking,Economy,C729,Nadia,Seat C729 Released
Undo Cancellation,—,C696,Bilal,Seat C696 Re-booked
Undo Booking,Premium,E631,Sara,Seat E631 Released
Book Seat,Economy,B722,Sara,Seat B722 Booked Successfully
Cancel Seat,—,E216,Hussain,Seat E216 Cancelled
Cancel Seat,—,E999,Fatima,Seat E999 Cancelled
Undo Booking,Economy,A295,Fatima,Seat A295 Released
Undo Cancellation,—,A428,Bilal,Seat A428 Re-booked
Undo Cancellation,—,E795,Imran,Seat E795 Re-booked
Undo Cancellation,—,A872,Kamran,Seat A872 Re-booked
Cancel Seat,—,E743,Kamran,Seat E743 Cancelled
Book Seat,Economy,D635,Hina,Seat D635 Booked Successfully
Book Seat,Premium,D997,Sana,Seat D997 Booked Successfully
Undo Cancellation,—,B185,Rabia,Seat B185 Re-booked
Undo Booking,Economy,C991,Sara,Seat C991 Released
Undo Cancellation,—,B920,Mariam,Seat B920 Re-booked
Undo Cancellation,—,D524,Muneeb,Seat D524 Re-booked
Undo Cancellation,—,A191,Fatima,Seat A191 Re-booked
Cancel Seat,—,D948,Fahad,Seat D948 Cancelled
Cancel Seat,—,A418,Lubna,Seat A418 Cancelled
Undo Cancellation,—,E330,Mariam,Seat E330 Re-booked
Book Seat,VIP,A387,Junaid,Seat A387 Booked Successfully
Book Seat,VIP,C540,Hina,Seat C540 Booked Successfully
Undo Cancellation,—,C678,Fatima,Seat C678 Re-booked
Undo Cancellation,—,E687,Fatima,Seat E687 Re-booked
Book Seat,Premium,D334,Hussain,Seat D334 Booked Successfully
Cancel Seat,—,A940,Imran,Seat A940 Cancelled
Book Seat,Premium,C222,Omar,Seat C222 Booked Successfully
Book Seat,Economy,E976,Zainab,Seat E976 Booked Successfully
Cancel Seat,—,C595,Shahzad,Seat C595 Cancelled
Undo Cancellation,—,E603,Rizwan,Seat E603 Re-booked
Cancel Seat,—,C985,Ahmed,Seat C985 Cancelled
Undo Booking,Premium,B640,Rizwan,Seat B640 Released
Undo Cancellation,—,B471,Asad,Seat B471 Re-booked
Undo Cancellation,—,A559,Ayesha,Seat A559 Re-booked
Book Seat,Premium,B443,Hassan,Seat B443 Booked Successfully
Undo Booking,Premium,D237,Asad,Seat D237 Released
Book Seat,VIP,E313,Iqra,Seat E313 Booked Successfully
Undo Booking,Premium,D784,Hina,Seat D784 Released
Cancel Seat,—,C610,Zainab,Seat C610 Cancelled
Undo Booking,Economy,C533,Ahmed,Seat C533 Released
Undo Booking,Economy,B163,Ali,Seat B163 Released
Undo Cancellation,—,A222,Hussain,Seat A222 Re-booked
Undo Booking,VIP,C459,Tariq,Seat C459 Released
Undo Booking,Premium,C337,Ali,Seat C337 Released
Book Seat,Premium,E816,Hassan,Seat E816 Booked Successfully
Undo Cancellation,—,C799,Hussain,Seat C799 Re-booked
Undo Cancellation,—,C963,Hina,Seat C963 Re-booked
Cancel Seat,—,A781,Iqra,Seat A781 Cancelled
Book Seat,Premium,B806,Imran,Seat B806 Booked Successfully
Undo Cancellation,—,A444,Farhan,Seat A444 Re-booked
Book Seat,Premium,A147,Kamran,Seat A147 Booked Successfully
Book Seat,Economy,B467,Imran,Seat B467 Booked Successfully
Book Seat,Premium,B691,Rabia,Seat B691 Booked Successfully
Cancel Seat,—,D264,Rabia,Seat D264 Cancelled
Undo Cancellation,—,B419,Ahmed,Seat B419 Re-booked
Undo Booking,VIP,C371,Kamran,Seat C371 Released
Book Seat,Economy,D835,Usman,Seat D835 Booked Successfully
Book Seat,Premium,D837,Imran,Seat D837 Booked Successfully
Undo Cancellation,—,C950,Sana,Seat C950 Re-booked
Book Seat,Economy,C682,Hussain,Seat C682 Booked Successfully
Undo Cancellation,—,E931,Ahmed,Seat E931 Re-booked
Cancel Seat,—,E597,Sana,Seat E597 Cancelled
Book Seat,Premium,A781,Farhan,Seat A781 Booked Successfully
Undo Booking,VIP,E532,Sara,Seat E532 Released
Undo Cancellation,—,B520,Sana,Seat B520 Re-booked
Undo Cancellation,—,D908,Nadia,Seat D908 Re-booked
Undo Cancellation,—,B362,Rabia,Seat B362 Re-booked
Undo Cancellation,—,E835,Omar,Seat E835 Re-booked
Undo Booking,Economy,D223,Zainab,Seat D223 Released
Book Seat,VIP,A373,Rabia,Seat A373 Booked Successfully
Undo Cancellation,—,B965,Junaid,Seat B965 Re-booked
Undo Booking,VIP,D518,Rabia,Seat D518 Released
Book Seat,VIP,B612,Farhan,Seat B612 Booked Successfully
Undo Cancellation,—,E384,Zainab,Seat E384 Re-booked
Undo Cancellation,—,E942,Nadia,Seat E942 Re-booked
Undo Booking,VIP,D602,Sana,Seat D602 Released
Undo Booking,Economy,C528,Hina,Seat C528 Released
Undo Booking,VIP,D340,Bilal,Seat D340 Released
Book Seat,Premium,C577,Ali,Seat C577 Booked Successfully
Undo Booking,VIP,E279,Iqra,Seat E279 Released
Undo Booking,Premium,A293,Zainab,Seat A293 Released
Book Seat,Premium,E724,Kamran,Seat E724 Booked Successfully
Cancel Seat,—,C222,Ahmed,Seat C222 Cancelled
Undo Cancellation,—,A236,Iqra,Seat A236 Re-booked
Undo Booking,Premium,B626,Fahad,Seat B626 Released
Cancel Seat,—,D884,Junaid,Seat D884 Cancelled
Undo Booking,VIP,A178,Hussain,Seat A178 Released
Cancel Seat,—,E104,Nadia,Seat E104 Cancelled
Undo Booking,Economy,E930,Kiran,Seat E930 Released
Undo Cancellation,—,D254,Ahmed,Seat D254 Re-booked
Cancel Seat,—,C345,Kamran,Seat C345 Cancelled
Undo Booking,Economy,A615,Kiran,Seat A615 Released
Undo Cancellation,—,C267,Hassan,Seat C267 Re-booked
Cancel Seat,—,E565,Hina,Seat E565 Cancelled
Book Seat,Economy,C194,Ayesha,Seat C194 Booked Successfully
Undo Cancellation,—,C877,Imran,Seat C877 Re-booked
Cancel Seat,—,B602,Ahmed,Seat B602 Cancelled
Undo Cancellation,—,B862,Junaid,Seat B862 Re-booked
Book Seat,VIP,D801,Rizwan,Seat D801 Booked Successfully
Cancel Seat,—,C438,Iqra,Seat C438 Cancelled
Book Seat,Economy,B324,Sara,Seat B324 Booked Successfully
Cancel Seat,—,A522,Fahad,Seat A522 Cancelled
Cancel Seat,—,B820,Kamran,Seat B820 Cancelled
Undo Cancellation,—,D857,Bilal,Seat D857 Re-booked
Cancel Seat,—,A223,Bilal,Seat A223 Cancelled
Undo Cancellation,—,A459,Asad,Seat A459 Re-booked
Book Seat,VIP,A102,Usman,Seat A102 Booked Successfully
Undo Booking,Premium,E930,Zainab,Seat E930 Released
Cancel Seat,—,E377,Kamran,Seat E377 Cancelled
Undo Booking,Premium,A444,Junaid,Seat A444 Released
Cancel Seat,—,A384,Junaid,Seat A384 Cancelled
Undo Booking,VIP,E259,Sana,Seat E259 Released
Undo Booking,VIP,A768,Shahzad,Seat A768 Released
Cancel Seat,—,E480,Usman,Seat E480 Cancelled
Undo Cancellation,—,A214,Lubna,Seat A214 Re-booked
Cancel Seat,—,A463,Imran,Seat A463 Cancelled
Undo Booking,VIP,D428,Fahad,Seat D428 Released
Undo Booking,VIP,B839,Kiran,Seat B839 Released
Cancel Seat,—,A911,Asad,Seat A911 Cancelled
Undo Cancellation,—,D746,Bilal,Seat D746 Re-booked
Undo Booking,Premium,A211,Farhan,Seat A211 Released
Undo Booking,Economy,A339,Muneeb,Seat A339 Released
Undo Booking,Economy,C290,Rizwan,Seat C290 Released
Book Seat,VIP,A539,Imran,Seat A539 Booked Successfully
Cancel Seat,—,D507,Hussain,Seat D507 Cancelled
Book Seat,Premium,B891,Ahmed,Seat B891 Booked Successfully
Undo Booking,Premium,E171,Kamran,Seat E171 Released
Undo Cancellation,—,C679,Ahmed,Seat C679 Re-booked
Cancel Seat,—,E330,Fahad,Seat E330 Cancelled
Undo Booking,Premium,D114,Sana,Seat D114 Released
Cancel Seat,—,B816,Hussain,Seat B816 Cancelled
Book Seat,Premium,C965,Junaid,Seat C965 Booked Successfully
Undo Booking,Premium,B665,Asad,Seat B665 Released
Cancel Seat,—,C893,Usman,Seat C893 Cancelled
Undo Cancellation,—,A568,Hina,Seat A568 Re-booked
Undo Booking,VIP,E516,Usman,Seat E516 Released
Cancel Seat,—,B883,Mariam,Seat B883 Cancelled
Book Seat,Premium,B259,Shahzad,Seat B259 Booked Successfully
Undo Booking,Premium,A231,Nadia,Seat A231 Released
Undo Booking,Economy,E437,Rizwan,Seat E437 Released
Undo Booking,Economy,C832,Asad,Seat C832 Released
Undo Booking,Economy,B384,Shahzad,Seat B384 Released
Book Seat,Premium,B778,Ayesha,Seat B778 Booked Successfully
Book Seat,Economy,B679,Hussain,Seat B679 Booked Successfully
Undo Booking,Premium,D830,Kamran,Seat D830 Released
Cancel Seat,—,E341,Hina,Seat E341 Cancelled
Cancel Seat,—,E371,Rabia,Seat E371 Cancelled
Undo Cancellation,—,D172,Farhan,Seat D172 Re-booked
Book Seat,VIP,D702,Lubna,Seat D702 Booked Successfully
Undo Booking,Economy,A440,Nadia,Seat A440 Released
Undo Cancellation,—,A383,Fatima,Seat A383 Re-booked
Book Seat,Economy,B368,Junaid,Seat B368 Booked Successfully
Book Seat,Premium,C298,Kamran,Seat C298 Booked Successfully
Book Seat,VIP,A114,Hina,Seat A114 Booked Successfully
Book Seat,Premium,A120,Imran,Seat A120 Booked Successfully
Book Seat,VIP,A735,Shahzad,Seat A735 Booked Successfully
Undo Cancellation,—,D335,Asad,Seat D335 Re-booked
Cancel Seat,—,C393,Iqra,Seat C393 Cancelled
Undo Booking,VIP,A536,Ahmed,Seat A536 Released
Undo Booking,VIP,A793,Sana,Seat A793 Released
Book Seat,Premium,C310,Iqra,Seat C310 Booked Successfully
Undo Booking,Economy,E724,Ayesha,Seat E724 Released
Undo Booking,VIP,C452,Iqra,Seat C452 Released
Undo Cancellation,—,B113,Zainab,Seat B113 Re-booked
Undo Booking,VIP,E449,Fahad,Seat E449 Released
Undo Cancellation,—,B405,Farhan,Seat B405 Re-booked
Cancel Seat,—,E569,Imran,Seat E569 Cancelled
Undo Cancellation,—,E529,Kiran,Seat E529 Re-booked
Cancel Seat,—,C169,Farhan,Seat C169 Cancelled
Undo Booking,Premium,C367,Rabia,Seat C367 Released
Book Seat,Premium,C811,Hussain,Seat C811 Booked Successfully
Undo Booking,VIP,A611,Ahmed,Seat A611 Released
Undo Booking,Premium,A679,Fahad,Seat A679 Released
Cancel Seat,—,E449,Ahmed,Seat E449 Cancelled
Undo Cancellation,—,A785,Sara,Seat A785 Re-booked
Undo Booking,Economy,A645,Farhan,Seat A645 Released
Undo Booking,Premium,D517,Omar,Seat D517 Released
Cancel Seat,—,B504,Farhan,Seat B504 Cancelled
Undo Cancellation,—,D626,Sana,Seat D626 Re-booked
Book Seat,VIP,D863,Fatima,Seat D863 Booked Successfully
Book Seat,Economy,B954,Iqra,Seat B954 Booked Successfully
Undo Cancellation,—,C572,Ahmed,Seat C572 Re-booked
Undo Cancellation,—,B451,Ayesha,Seat B451 Re-booked
Cancel Seat,—,A176,Fatima,Seat A176 Cancelled
Undo Booking,Premium,A815,Sana,Seat A815 Released
Book Seat,VIP,D441,Ahmed,Seat D441 Booked Successfully
Cancel Seat,—,A623,Usman,Seat A623 Cancelled
Cancel Seat,—,E360,Sara,Seat E360 Cancelled
Book Seat,VIP,B406,Sara,Seat B406 Booked Successfully
Undo Booking,VIP,E230,Farhan,Seat E230 Released
Book Seat,VIP,E824,Sara,Seat E824 Booked Successfully
Book Seat,Premium,E262,Muneeb,Seat E262 Booked Successfully
Undo Booking,Premium,E599,Omar,Seat E599 Released
Undo Booking,Premium,E821,Asad,Seat E821 Released
Cancel Seat,—,A305,Imran,Seat A305 Cancelled
Cancel Seat,—,E826,Nadia,Seat E826 Cancelled
Cancel Seat,—,D965,Rabia,Seat D965 Cancelled
Undo Booking,Economy,E388,Imran,Seat E388 Released
Book Seat,Premium,D980,Iqra,Seat D980 Booked Successfully
Undo Booking,Premium,D988,Tariq,Seat D988 Released
Undo Booking,VIP,E727,Zainab,Seat E727 Released
Undo Cancellation,—,C295,Shahzad,Seat C295 Re-booked
Undo Booking,Economy,B292,Omar,Seat B292 Released
Undo Cancellation,—,B962,Farhan,Seat B962 Re-booked
Undo Booking,Premium,B765,Tariq,Seat B765 Released
Undo Booking,Premium,B317,Muneeb,Seat B317 Released
Book Seat,Premium,B778,Hassan,Seat B778 Booked Successfully
Undo Booking,VIP,D758,Shahzad,Seat D758 Released
Undo Booking,Premium,B408,Kiran,Seat B408 Released
Cancel Seat,—,C784,Ahmed,Seat C784 Cancelled
Book Seat,VIP,C502,Muneeb,Seat C502 Booked Successfully
Undo Cancellation,—,D741,Omar,Seat D741 Re-booked
Undo Cancellation,—,B385,Saad,Seat B385 Re-booked
Undo Cancellation,—,A162,Shahzad,Seat A162 Re-booked
Undo Cancellation,—,C424,Nadia,Seat C424 Re-booked
Cancel Seat,—,B774,Farhan,Seat B774 Cancelled
Undo Cancellation,—,B297,Junaid,Seat B297 Re-booked
Undo Cancellation,—,A498,Bilal,Seat A498 Re-booked
Cancel Seat,—,B681,Omar,Seat B681 Cancelled
Cancel Seat,—,A971,Sara,Seat A971 Cancelled
Cancel Seat,—,E373,Fatima,Seat E373 Cancelled
Undo Booking,Premium,D510,Ahmed,Seat D510 Released
Cancel Seat,—,B123,Tariq,Seat B123 Cancelled
Undo Booking,VIP,C653,Imran,Seat C653 Released
Book Seat,Economy,B137,Bilal,Seat B137 Booked Successfully
Book Seat,Economy,C445,Ayesha,Seat C445 Booked Successfully
Undo Cancellation,—,D732,Shahzad,Seat D732 Re-booked
Cancel Seat,—,A149,Farhan,Seat A149 Cancelled
Book Seat,Economy,A319,Kamran,Seat A319 Booked Successfully
Undo Booking,Economy,D799,Saad,Seat D799 Released
Cancel Seat,—,B138,Sana,Seat B138 Cancelled
Undo Cancellation,—,D383,Fatima,Seat D383 Re-booked
Cancel Seat,—,B657,Junaid,Seat B657 Cancelled
Book Seat,Premium,E374,Hina,Seat E374 Booked Successfully
Book Seat,Economy,B253,Bilal,Seat B253 Booked Successfully
Undo Cancellation,—,A654,Ali,Seat A654 Re-booked
Book Seat,Economy,D189,Muneeb,Seat D189 Booked Successfully
Book Seat,Premium,D176,Fahad,Seat D176 Booked Successfully
Book Seat,VIP,D465,Saad,Seat D465 Booked Successfully
Cancel Seat,—,A361,Zainab,Seat A361 Cancelled
Undo Cancellation,—,C839,Zainab,Seat C839 Re-booked
Cancel Seat,—,B384,Nadia,Seat B384 Cancelled
Undo Cancellation,—,B858,Ayesha,Seat B858 Re-booked
Undo Booking,Premium,A966,Shahzad,Seat A966 Released
Undo Booking,VIP,A573,Omar,Seat A573 Released
Book Seat,Premium,D284,Iqra,Seat D284 Booked Successfully
Undo Cancellation,—,B820,Hussain,Seat B820 Re-booked
Undo Booking,VIP,E138,Farhan,Seat E138 Released
Undo Booking,VIP,E823,Sana,Seat E823 Released
Cancel Seat,—,E601,Bilal,Seat E601 Cancelled
Undo Booking,VIP,C822,Lubna,Seat C822 Released
Undo Cancellation,—,B608,Ahmed,Seat B608 Re-booked
Cancel Seat,—,C752,Muneeb,Seat C752 Cancelled
Undo Cancellation,—,C623,Sana,Seat C623 Re-booked
Undo Cancellation,—,E871,Nadia,Seat E871 Re-booked
Book Seat,VIP,D757,Ahmed,Seat D757 Booked Successfully
Undo Booking,Premium,D241,Fatima,Seat D241 Released
Cancel Seat,—,E698,Sana,Seat E698 Cancelled
Book Seat,Economy,B648,Fatima,Seat B648 Booked Successfully
Book Seat,Economy,E622,Junaid,Seat E622 Booked Successfully
Cancel Seat,—,A796,Fahad,Seat A796 Cancelled
Cancel Seat,—,A156,Fatima,Seat A156 Cancelled
Undo Booking,Premium,A946,Rizwan,Seat A946 Released
Undo Cancellation,—,B360,Bilal,Seat B360 Re-booked
Cancel Seat,—,D266,Muneeb,Seat D266 Cancelled
Cancel Seat,—,E346,Kiran,Seat E346 Cancelled
Book Seat,VIP,A721,Junaid,Seat A721 Booked Successfully
Book Seat,Economy,E622,Shahzad,Seat E622 Booked Successfully
Undo Cancellation,—,C112,Ayesha,Seat C112 Re-booked
Book Seat,VIP,A102,Nadia,Seat A102 Booked Successfully
Undo Booking,Economy,A134,Muneeb,Seat A134 Released
Cancel Seat,—,B818,Rabia,Seat B818 Cancelled
Undo Booking,Premium,C764,Lubna,Seat C764 Released
Cancel Seat,—,A634,Sana,Seat A634 Cancelled
Undo Cancellation,—,A415,Zainab,Seat A415 Re-booked
Book Seat,Economy,B236,Hussain,Seat B236 Booked Successfully
Undo Cancellation,—,C150,Nadia,Seat C150 Re-booked
Cancel Seat,—,B902,Rizwan,Seat B902 Cancelled
Book Seat,Premium,E373,Ali,Seat E373 Booked Successfully
Book Seat,Premium,B659,Hina,Seat B659 Booked Successfully
Book Seat,Economy,B231,Saad,Seat B231 Booked Successfully
Cancel Seat,—,A222,Saad,Seat A222 Cancelled
Cancel Seat,—,D992,Muneeb,Seat D992 Cancelled
Cancel Seat,—,E982,Tariq,Seat E982 Cancelled
Undo Cancellation,—,D460,Fatima,Seat D460 Re-booked
Cancel Seat,—,B986,Ahmed,Seat B986 Cancelled
Cancel Seat,—,D837,Tariq,Seat D837 Cancelled
Undo Cancellation,—,A157,Hina,Seat A157 Re-booked
Book Seat,Premium,E282,Saad,Seat E282 Booked Successfully
Book Seat,VIP,D978,Muneeb,Seat D978 Booked Successfully
Undo Booking,VIP,A658,Shahzad,Seat A658 Released
Cancel Seat,—,B102,Bilal,Seat B102 Cancelled
Cancel Seat,—,B278,Bilal,Seat B278 Cancelled
Book Seat,VIP,C467,Asad,Seat C467 Booked Successfully
Undo Cancellation,—,B871,Saad,Seat B871 Re-booked
Undo Booking,Premium,B634,Mariam,Seat B634 Released
Undo Booking,Premium,A587,Shahzad,Seat A587 Released
Cancel Seat,—,B930,Rabia,Seat B930 Cancelled
Undo Cancellation,—,E388,Ahmed,Seat E388 Re-booked
Undo Cancellation,—,D982,Kamran,Seat D982 Re-booked
Undo Booking,VIP,D154,Zainab,Seat D154 Released
Undo Booking,Premium,E505,Sana,Seat E505 Released
Undo Cancellation,—,D118,Iqra,Seat D118 Re-booked
Cancel Seat,—,B495,Usman,Seat B495 Cancelled
Book Seat,Premium,B438,Saad,Seat B438 Booked Successfully
Undo Booking,Economy,B529,Muneeb,Seat B529 Released
Undo Cancellation,—,E214,Kamran,Seat E214 Re-booked
Undo Booking,Economy,A233,Junaid,Seat A233 Released
Undo Cancellation,—,A418,Ayesha,Seat A418 Re-booked
Cancel Seat,—,B536,Ali,Seat B536 Cancelled
Undo Booking,Premium,D241,Ayesha,Seat D241 Released
Book Seat,Premium,E717,Zainab,Seat E717 Booked Successfully
Undo Cancellation,—,E180,Imran,Seat E180 Re-booked
Undo Booking,Economy,A470,Asad,Seat A470 Released
Book Seat,Premium,A927,Hina,Seat A927 Booked Successfully
Undo Booking,Economy,E661,Sana,Seat E661 Released
Book Seat,VIP,E670,Farhan,Seat E670 Booked Successfully
Undo Booking,VIP,B767,Asad,Seat B767 Released
Book Seat,Premium,B603,Omar,Seat B603 Booked Successfully
Undo Cancellation,—,D290,Asad,Seat D290 Re-booked
Cancel Seat,—,C257,Kamran,Seat C257 Cancelled
Book Seat,Economy,D634,Bilal,Seat D634 Booked Successfully
Cancel Seat,—,B787,Sana,Seat B787 Cancelled
Book Seat,Premium,D244,Mariam,Seat D244 Booked Successfully
Cancel Seat,—,D520,Usman,Seat D520 Cancelled
Undo Booking,Premium,A356,Ayesha,Seat A356 Released
Cancel Seat,—,E948,Kamran,Seat E948 Cancelled
Undo Cancellation,—,D585,Kamran,Seat D585 Re-booked
Undo Booking,Economy,B886,Omar,Seat B886 Released
Undo Cancellation,—,D688,Nadia,Seat D688 Re-booked
Undo Booking,Economy,A213,Ayesha,Seat A213 Released
Undo Cancellation,—,D312,Sara,Seat D312 Re-booked
Undo Cancellation,—,D492,Shahzad,Seat D492 Re-booked
Book Seat,Premium,D893,Farhan,Seat D893 Booked Successfully
Undo Cancellation,—,D584,Usman,Seat D584 Re-booked
Cancel Seat,—,B719,Ahmed,Seat B719 Cancelled
Book Seat,Premium,B959,Kamran,Seat B959 Booked Successfully
Undo Cancellation,—,B470,Hassan,Seat B470 Re-booked
Undo Cancellation,—,E320,Bilal,Seat E320 Re-booked
Cancel Seat,—,E487,Rabia,Seat E487 Cancelled
Undo Cancellation,—,A185,Tariq,Seat A185 Re-booked
Undo Booking,Economy,C494,Rizwan,Seat C494 Released
Book Seat,Premium,C605,Rizwan,Seat C605 Booked Successfully
Book Seat,VIP,C468,Zainab,Seat C468 Booked Successfully
Book Seat,VIP,D837,Saad,Seat D837 Booked Successfully
Undo Booking,Premium,B584,Bilal,Seat B584 Released
Undo Cancellation,—,C880,Hina,Seat C880 Re-booked
Undo Cancellation,—,B142,Sana,Seat B142 Re-booked
Undo Booking,VIP,C159,Kiran,Seat C159 Released
Book Seat,Economy,B108,Iqra,Seat B108 Booked Successfully
Cancel Seat,—,C733,Sana,Seat C733 Cancelled
Cancel Seat,—,A906,Tariq,Seat A906 Cancelled
Book Seat,Premium,E620,Mariam,Seat E620 Booked Successfully
Undo Booking,Economy,B926,Sara,Seat B926 Released
Book Seat,Premium,C676,Sara,Seat C676 Booked Successfully
Undo Booking,Premium,D473,Lubna,Seat D473 Released
Book Seat,Premium,E450,Hussain,Seat E450 Booked Successfully
Book Seat,Premium,B754,Omar,Seat B754 Booked Successfully
Undo Cancellation,—,C322,Iqra,Seat C322 Re-booked
Cancel Seat,—,A577,Mariam,Seat A577 Cancelled
Book Seat,Economy,A413,Omar,Seat A413 Booked Successfully
Book Seat,VIP,C851,Kamran,Seat C851 Booked Successfully
Undo Cancellation,—,C522,Kamran,Seat C522 Re-booked
Book Seat,Economy,B569,Ali,Seat B569 Booked Successfully
Cancel Seat,—,C508,Sara,Seat C508 Cancelled
Undo Booking,VIP,D256,Hussain,Seat D256 Released
Undo Booking,Economy,C538,Fatima,Seat C538 Released
Book Seat,Economy,A547,Saad,Seat A547 Booked Successfully
Undo Cancellation,—,B974,Iqra,Seat B974 Re-booked
Undo Cancellation,—,D839,Junaid,Seat D839 Re-booked
Book Seat,VIP,E100,Farhan,Seat E100 Booked Successfully
Cancel Seat,—,E840,Bilal,Seat E840 Cancelled
Cancel Seat,—,A349,Hussain,Seat A349 Cancelled
Cancel Seat,—,B580,Imran,Seat B580 Cancelled
Undo Cancellation,—,E554,Junaid,Seat E554 Re-booked
Cancel Seat,—,E627,Tariq,Seat E627 Cancelled
Cancel Seat,—,B313,Sara,Seat B313 Cancelled
Undo Cancellation,—,D536,Usman,Seat D536 Re-booked
Cancel Seat,—,D976,Fatima,Seat D976 Cancelled
Undo Cancellation,—,A384,Kamran,Seat A384 Re-booked
Undo Cancellation,—,C570,Mariam,Seat C570 Re-booked
Undo Cancellation,—,C526,Usman,Seat C526 Re-booked
Undo Booking,VIP,A751,Fatima,Seat A751 Released
Book Seat,Premium,B562,Rabia,Seat B562 Booked Successfully
Undo Booking,Premium,C311,Nadia,Seat C311 Released
Undo Booking,Premium,B821,Rizwan,Seat B821 Released
Undo Cancellation,—,B542,Kamran,Seat B542 Re-booked
Undo Booking,Premium,D857,Mariam,Seat D857 Released
Undo Cancellation,—,B208,Hassan,Seat B208 Re-booked
Undo Cancellation,—,C923,Iqra,Seat C923 Re-booked
Undo Booking,Premium,E114,Sara,Seat E114 Released
Undo Cancellation,—,E464,Tariq,Seat E464 Re-booked
Book Seat,Economy,B349,Sara,Seat B349 Booked Successfully
Cancel Seat,—,A269,Kamran,Seat A269 Cancelled
Undo Booking,Economy,E284,Omar,Seat E284 Released
Undo Cancellation,—,D789,Muneeb,Seat D789 Re-booked
